{
	"class_name" : "PinholeCameraTrajectory",
	"extrinsic" : 
	[
		[
			-0.92300216816933567,
			0.36272006164730058,
			-0.12845681933351746,
			0.0,
			0.38380443050730284,
			0.84387758262481483,
			-0.37491970429181731,
			0.0,
			-0.0275890680826744,
			-0.3953539963398337,
			-0.91811440512631781,
			0.0,
			3.5663597062652648,
			-3.2269816445162882,
			4.0366514758345478,
			1.0
		]
	],
	"intrinsic" : 
	{
		"height" : 744,
		"intrinsic_matrix" : 
		[
			644.32290041562237,
			0.0,
			0.0,
			0.0,
			644.32290041562237,
			0.0,
			650.0,
			371.5,
			1.0
		],
		"width" : 1301
	},
	"version_major" : 1,
	"version_minor" : 0
}