{
	"axis_max" : 4.7021484375,
	"axis_min" : -4.2626953125,
	"bounding_polygon" : 
	[
		[ -2.8984406042391799, 0.0, 0.85003725814382392 ],
		[ -0.92607206199040693, 0.0, 1.686847550255006 ],
		[ -0.13497253031228221, 0.0, -0.17778042102831648 ],
		[ -2.1073410725610553, 0.0, -1.0145907131394987 ]
	],
	"class_name" : "SelectionPolygonVolume",
	"orthogonal_axis" : "Y",
	"version_major" : 1,
	"version_minor" : 0
}