{
    "height": 480,
    "width": 640,
    "intrinsic_matrix": [
        613.7533569335938,
        0,
        0,
        0,
        614.380615234375,
        0,
        320.4112548828125,
        240.54611206054688,
        1
    ]
}